district_code,state,district_number,total_population,pop_25_34,yp_estimate,yp_density_pct,yp_share_of_cohort_pct,swing_state,pct_bachelors,pct_employed,pct_income_40k_200k,pct_not_enrolled
CO-1,CO,1,717038,167147,58131,8.11,34.78,False,0.6476993305294142,0.8771919328495277,0.6812765796824278,0.8984965329919173
WA-7,WA,7,765336,176349,59147,7.73,33.54,False,0.7391025750075135,0.8767670925267509,0.584097638042174,0.8861121979710688
NY-12,NY,12,711829,155743,55015,7.73,35.32,False,0.9110200779489287,0.8859402990824627,0.4804956946247044,0.9108659779251715
IL-5,IL,5,753753,141663,56519,7.5,39.9,False,0.7925711018402829,0.8968890959530718,0.630721159488323,0.8898653847511347
TX-37,TX,37,767538,166235,55235,7.2,33.23,False,0.6358227810027972,0.8670616897765212,0.6747824197578552,0.8931813396697447
DC-98,DC,98,670587,152345,47186,7.04,30.97,False,0.7400767993698514,0.8316058945157373,0.575396694704809,0.8746266697298894
MA-7,MA,7,773828,178207,50704,6.55,28.45,False,0.6906799396207781,0.8331322563086747,0.6034081530992335,0.8194290908886857
MN-5,MN,5,707627,141264,46139,6.52,32.66,False,0.6106439007815154,0.8726427115188583,0.6992916004047998,0.8765007362102163
NY-7,NY,7,748880,172470,47829,6.39,27.73,False,0.621023946193541,0.8171450107265031,0.6041437120573812,0.9045515162057169
CA-11,CA,11,735920,169476,45366,6.16,26.77,False,0.8192546437253653,0.8799653048219217,0.4155603028043815,0.893512945785834
VA-8,VA,8,778819,137154,46157,5.93,33.65,False,0.712060895052277,0.8536098108695335,0.6346888257672564,0.8723478717354215
NY-10,NY,10,738425,149769,43383,5.88,28.97,False,0.774599549973626,0.8436926199680842,0.48686063914076944,0.9104020191094285
GA-5,GA,5,756319,151224,43918,5.81,29.04,True,0.6295693805216104,0.8383854414643178,0.6264002463475553,0.8783790932656192
CA-30,CA,30,744757,150844,42012,5.64,27.85,False,0.6074156081779852,0.8140993344117101,0.6320342556567479,0.8911391901567182
MA-8,MA,8,772082,129268,42975,5.57,33.24,False,0.6827598477581459,0.8765665129807841,0.6333855601779315,0.8770074573753752
IL-7,IL,7,730552,155677,39615,5.42,25.45,False,0.6287762482576104,0.79716978102096,0.5771967284051329,0.879558316257379
PA-3,PA,3,756676,159657,39637,5.24,24.83,True,0.5864071102425825,0.7989251958886864,0.6163250939235251,0.8598057084875702
NJ-8,NJ,8,760708,149526,39525,5.2,26.43,False,0.5812099567968113,0.8284913660500515,0.598979142185664,0.9164693765632733
CA-50,CA,50,735988,135420,37850,5.14,27.95,False,0.621200708905627,0.7931103234381923,0.66327404398992,0.8553167922020382
NC-14,NC,14,749863,129439,37941,5.06,29.31,True,0.5527468537303286,0.8429916794783643,0.6779785234043909,0.9278424586098472
NC-2,NC,2,738814,111140,36565,4.95,32.9,True,0.6424959510527263,0.8604642792873852,0.6753095770728013,0.8812308799712075
MA-5,MA,5,776872,118589,37364,4.81,31.51,False,0.7335081668620193,0.8475490981456965,0.5987320547119334,0.846469740026478
CA-17,CA,17,751593,146486,36052,4.8,24.61,False,0.7557787092281856,0.8355201179634913,0.43787514743785766,0.8900850593230752
CA-36,CA,36,740438,115481,35426,4.78,30.68,False,0.7436807786562292,0.8384842528208104,0.5644553234826422,0.8715546280340489
TX-32,TX,32,758895,150500,35374,4.66,23.5,False,0.4599468438538206,0.8371495016611296,0.6794998051649014,0.8983654485049833
WI-2,WI,2,735105,106135,33600,4.57,31.66,True,0.5702925519385688,0.8801432138314411,0.7211555959963604,0.874584255900504
MI-11,MI,11,774826,115610,35403,4.57,30.62,True,0.580780209324453,0.8403425309229305,0.7019645601496103,0.8938413632038751
OH-3,OH,3,785445,143063,34974,4.45,24.45,False,0.5043442399502317,0.8315217771191713,0.6653637270476964,0.8761035348063441
WA-1,WA,1,768493,126368,33271,4.33,26.33,False,0.5805188022284122,0.8114791719422638,0.6170764653722166,0.9057118890858445
CA-12,CA,12,750210,133950,32459,4.33,24.23,False,0.621224337439343,0.8209033221351251,0.5601925285784609,0.848234415826801
TX-7,TX,7,781231,151591,33372,4.27,22.01,False,0.5194173796597423,0.8010567909704402,0.6072094901283729,0.8713512015884848
PA-12,PA,12,763762,119887,32325,4.23,26.96,True,0.5521949836095656,0.8262780785239434,0.6661064527557982,0.8871520681975527
OR-1,OR,1,703447,116800,29779,4.23,25.5,False,0.5032277397260274,0.8194948630136987,0.7000061167958476,0.8831763698630137
KS-3,KS,3,733585,98535,30883,4.21,31.34,False,0.5519764550667275,0.8649515400619069,0.7281522819657287,0.9015578220936723
IL-3,IL,3,746412,123279,30868,4.14,25.04,False,0.47858921633043744,0.845667145255883,0.6890480872781758,0.8978495931991661
IL-9,IL,9,749895,100522,30537,4.07,30.38,False,0.6331250870456219,0.8325640158373292,0.6693491917906842,0.8610055510236565
CA-47,CA,47,753964,117510,30473,4.04,25.93,False,0.6240830567611267,0.8185601225427623,0.6041121084301222,0.8402944430261254
VA-11,VA,11,780750,102003,31446,4.03,30.83,False,0.6903914590747331,0.8396909894807015,0.6115072916774481,0.8696214817211259
CO-7,CO,7,719604,108010,28963,4.02,26.82,False,0.5038237200259236,0.8383668178872327,0.7098388508469341,0.8943616331821128
CO-2,CO,2,718206,104234,28395,3.95,27.24,False,0.5496575013911008,0.8330966863019744,0.6952504119647066,0.8556517067367654
AZ-4,AZ,4,801287,144509,30899,3.86,21.38,True,0.40851434858728525,0.8266820751648686,0.7332712996065756,0.8634548713228933
PA-17,PA,17,760507,98417,28966,3.81,29.43,True,0.5351920907973216,0.8453620817541685,0.7088450726930169,0.9177276283568896
OR-3,OR,3,701275,116387,26725,3.81,22.96,False,0.4364748640312062,0.8218099959617483,0.7131389905918339,0.8976517995996116
MN-4,MN,4,708545,106362,26802,3.78,25.2,False,0.4926007408660988,0.8476053477745812,0.6941565801724487,0.8694176491604144
GA-11,GA,11,770928,113682,29006,3.76,25.52,True,0.4644094931475519,0.8267535757639732,0.7395943504834287,0.8985151563132246
AZ-1,AZ,1,789173,114098,29708,3.76,26.04,True,0.5031902399691494,0.8472979368612947,0.6720743395434939,0.9086749986853406
TN-5,TN,5,767227,106533,28462,3.71,26.72,False,0.4928895271887584,0.8447523302638619,0.6969468771499229,0.9206724676860691
TX-35,TX,35,768499,147787,28465,3.7,19.26,False,0.3812716950746683,0.807878906805064,0.6968455175155583,0.8973387375073586
MN-3,MN,3,707707,88885,26148,3.69,29.42,False,0.5449400911289869,0.8721269055521179,0.6888296442815218,0.8986105642121843
FL-14,FL,14,772661,128061,28353,3.67,22.14,False,0.4523000757451527,0.833790146883126,0.6618144030279477,0.8870772522469761
CA-51,CA,51,762631,133659,27925,3.66,20.89,False,0.4793990677769548,0.7662334747379526,0.6862096895720313,0.8288480386655593
NY-6,NY,6,755796,109567,27232,3.6,24.85,False,0.5218085737493954,0.7971925853587303,0.6733530912794223,0.8873200872525486
NC-4,NC,4,743550,109609,26670,3.59,24.33,True,0.5159521572133675,0.8090211570217775,0.6825185170765892,0.8540539554233685
TX-26,TX,26,775735,106626,27603,3.56,25.89,False,0.46927578639356254,0.8417646727814979,0.7220506140677335,0.9076397876690488
NE-2,NE,2,652597,94894,23111,3.54,24.35,False,0.4632326595991317,0.8385040150062175,0.7112415852609202,0.8815731236959133
NY-9,NY,9,761493,126565,26861,3.53,21.22,False,0.4910204242879153,0.759072413384427,0.6449776624873901,0.8828270058863035
MI-3,MI,3,773965,119467,27245,3.52,22.81,True,0.4124402554680372,0.8283124210032896,0.7330070127547419,0.9106866331288138
OH-1,OH,1,785183,114891,27525,3.51,23.96,False,0.5117459156940056,0.8072782028183234,0.6525529265255293,0.8886857978431731
CO-6,CO,6,721810,111285,25250,3.5,22.69,False,0.4308307498764434,0.8228242800017972,0.716416320443166,0.8933818573931797
WA-9,WA,9,762237,128824,26539,3.48,20.6,False,0.4418664224057629,0.7986865801403465,0.6489951995911439,0.8994442029435509
IL-8,IL,8,753960,101039,26069,3.46,25.8,False,0.4503013687783925,0.8404774394045863,0.7599828757960079,0.8970199625887034
PA-4,PA,4,764402,89631,26219,3.43,29.25,True,0.5523981658131674,0.8426214144659772,0.6906821148825065,0.909908402226908
CA-32,CA,32,764598,113219,26200,3.43,23.14,False,0.5465337090064388,0.7883659103154064,0.6204185454965891,0.8656585908725567
MO-1,MO,1,766456,126448,25939,3.38,20.51,False,0.448144691889156,0.8189295204352778,0.6350675177213971,0.880156269770973
NJ-6,NJ,6,772409,107653,26042,3.37,24.19,False,0.5065163070234922,0.804102068683641,0.6712796312554873,0.8847779439495416
MO-5,MO,5,768398,122037,25833,3.36,21.17,False,0.40929390266886273,0.832698280029827,0.6870909090909091,0.9039635520374968
NC-12,NC,12,742097,109874,24879,3.35,22.64,True,0.4315124597265959,0.8259915903671479,0.7079224376731302,0.8973915576023445
NY-20,NY,20,779088,102590,25945,3.33,25.29,False,0.48022224388341944,0.8287747343795692,0.7027503526093088,0.9042109367384735
IA-3,IA,3,799081,111447,26542,3.32,23.82,False,0.41277019569840373,0.8429746875196281,0.7468321584569476,0.91648047951044
TX-38,TX,38,764141,102030,25281,3.31,24.78,False,0.4934725080858571,0.80630206801921,0.6930805137463635,0.8985102420856611
OH-15,OH,15,781788,120738,25829,3.3,21.39,False,0.3863903659162815,0.8098941509715252,0.7512471674866237,0.9099537842270039
FL-10,FL,10,785358,139823,25753,3.28,18.42,False,0.39768135428363,0.7954342275591283,0.6688364450543498,0.8705577766175808
CA-34,CA,34,766809,149642,24876,3.24,16.62,False,0.3951965357319469,0.7595260688844041,0.6288253968253968,0.8807219898156935
MD-8,MD,8,767402,91344,24896,3.24,27.26,False,0.6121693816780522,0.8308263268523384,0.6176525427679113,0.8676103520756699
MO-2,MO,2,764420,86989,24747,3.24,28.45,False,0.5138120911839428,0.8540505121337181,0.7222160713890303,0.8976422306268609
IL-6,IL,6,754650,92918,24190,3.21,26.03,False,0.5168966185238597,0.8113605544673799,0.700490608035978,0.8861684496007233
NY-13,NY,13,813765,151122,26147,3.21,17.3,False,0.4794669207660036,0.726439565384259,0.5875335050191832,0.8454890750519448
MD-2,MD,2,769431,100196,24666,3.21,24.62,False,0.47815282047187513,0.8264701185676074,0.718384287648762,0.8671703461216017
GA-4,GA,4,766420,121088,24503,3.2,20.24,True,0.4405060782241015,0.8127560121564482,0.6401608459014478,0.8828950845665962
MD-7,MD,7,764705,133422,24448,3.2,18.32,False,0.4231311178066586,0.7847281557764086,0.6423532815411713,0.8591011977035271
FL-5,FL,5,770573,110549,24548,3.19,22.21,False,0.4241105754009534,0.8083202923590445,0.7226944246826674,0.8962631955060651
IN-7,IN,7,750334,129908,23966,3.19,18.45,False,0.4023539735813037,0.7979801090002155,0.6360745337573505,0.9033546817747945
MN-2,MN,2,713718,87144,22753,3.19,26.11,False,0.44566464702102265,0.8609887083448086,0.7518106126781587,0.905076654732397
MI-6,MI,6,770957,99467,24518,3.18,24.65,True,0.5633928840721043,0.8017533453306122,0.6690433937550175,0.8156474006454402
NY-11,NY,11,759570,102159,24084,3.17,23.58,False,0.5140614140702239,0.7796669896925381,0.655914383690696,0.8967687624193659
CT-3,CT,3,723601,96935,22792,3.15,23.51,False,0.48699644091401456,0.8057048537679888,0.692998162646725,0.864723783978955
CA-15,CA,15,752065,114019,23694,3.15,20.78,False,0.5821485892702094,0.8298529192503004,0.49289677879855404,0.872705426288601
ME-1,ME,1,683145,85763,21482,3.14,25.05,False,0.4393736226577895,0.8429159427725242,0.7514868518063407,0.8999685178923312
NH-1,NH,1,689659,88720,21540,3.12,24.28,False,0.4365644724977457,0.8390329125338143,0.7293369207171415,0.9088142470694319
KY-3,KY,3,746481,111235,23184,3.11,20.84,False,0.42793185598058164,0.8143480019777948,0.6681071577291445,0.8951768777812739
FL-27,FL,27,752682,108456,23360,3.1,21.54,False,0.4878107250866711,0.8157962676108284,0.6298620796528747,0.8592793390868186
CT-1,CT,1,718451,98483,22287,3.1,22.63,False,0.4513875491201527,0.8198470802067361,0.6876189480288613,0.8893209995633764
MD-3,MD,3,770623,97968,23926,3.1,24.42,False,0.5098399477380369,0.8140821492732321,0.6897545683116446,0.8530642658827372
TN-7,TN,7,766775,127006,23729,3.09,18.68,False,0.4001228288427318,0.7449254365935467,0.7052785536181573,0.8887690345338015
WI-5,WI,5,738618,81285,22853,3.09,28.11,True,0.4611305898997355,0.8729654917881527,0.7629506455114436,0.9154210493941072
NJ-11,NJ,11,769976,83325,23826,3.09,28.59,False,0.6516531653165316,0.8384878487848785,0.5899876695437731,0.886984698469847
GA-6,GA,6,767777,81537,23636,3.08,28.99,True,0.5837472558470388,0.8090682757521125,0.676492533278545,0.9073058856715356
NY-25,NY,25,774084,107403,23879,3.08,22.23,False,0.45173784717372883,0.8255355995642579,0.6764892695601963,0.8812696107185088
TX-30,TX,30,771989,126001,23539,3.05,18.68,False,0.38561598717470497,0.7870810549122627,0.682708210151075,0.9015801461893159
NY-14,NY,14,727966,127577,22053,3.03,17.29,False,0.3932762175000196,0.7472271647710794,0.6654436077394031,0.8839445981642459
CA-14,CA,14,751587,109725,22696,3.02,20.68,False,0.5290225563909774,0.8069628616997038,0.5495333395245171,0.8816860332649806
VA-4,VA,4,784211,130672,23711,3.02,18.15,False,0.3711430145708338,0.7869933880249785,0.6999843751436108,0.8875122443981879
RI-2,RI,2,548896,74342,16512,3.01,22.21,False,0.4081004008501251,0.8161873503537704,0.7461433163634127,0.8936671060773184
NY-3,NY,3,776626,84531,23265,3.0,27.52,False,0.6315079674912163,0.8216985484615111,0.5942478791640803,0.8925482958914481
TX-12,TX,12,771857,117999,23042,2.99,19.53,False,0.3699099144908008,0.8011508572106544,0.7402841505887556,0.8900922889177026
MA-6,MA,6,777375,88217,23280,2.99,26.39,False,0.5466179987984175,0.8424793407166419,0.63073350797809,0.9085323690445152
NY-26,NY,26,772610,115504,23069,2.99,19.97,False,0.436132082005818,0.78892505887242,0.657575284182281,0.8827226762709517
VT-AL,VT,0,643816,76288,19079,2.96,25.01,False,0.4549470427852349,0.8257917365771812,0.7417627790470424,0.8974281669463087
TX-24,TX,24,756184,90620,22415,2.96,24.74,False,0.49566320900463473,0.8475722798499228,0.66016724623282,0.8918450673140587
CA-28,CA,28,748192,98058,22119,2.96,22.56,False,0.5406494115727427,0.7824450835219972,0.6340163144710643,0.8410226600583328
UT-4,UT,4,824895,126356,24239,2.94,19.18,False,0.3385988793567381,0.7940422298901516,0.8038490928153822,0.8875874513279939
MO-3,MO,3,770039,95870,22661,2.94,23.64,False,0.41312193595493896,0.8280066757066862,0.7611455471063113,0.9078439553562115
MA-2,MA,2,771071,96018,22326,2.9,23.25,False,0.4969589035389198,0.8109312837176362,0.6711534433530664,0.85968255952009
RI-1,RI,1,545354,77432,15742,2.89,20.33,False,0.4292669697282777,0.7761519785101767,0.6917340692570791,0.8821159210662258
MD-4,MD,4,764378,113993,22097,2.89,19.38,False,0.37525111191038046,0.8141552551472458,0.7300954896823506,0.8690358179888239
OH-7,OH,7,783302,90016,22479,2.87,24.97,False,0.4324897795947387,0.8438388730892286,0.7525566005263099,0.909238357625311
PA-2,PA,2,762893,128386,21762,2.85,16.95,True,0.403626563644011,0.7622793762559781,0.61928384997676,0.8896141323820355
PA-6,PA,6,766664,91860,21837,2.85,23.77,True,0.4891900718484651,0.8174069235793598,0.6578917169677079,0.903625081645983
CO-4,CO,4,727411,87782,20695,2.85,23.58,False,0.44576336834430746,0.8109976988448657,0.71240853114403,0.9153926773142558
NE-1,NE,1,653295,85992,18547,2.84,21.57,False,0.3998744069215741,0.8290073495208856,0.742297045877388,0.8765001395478649
PA-1,PA,1,763498,85217,21673,2.84,25.43,True,0.47576187849842166,0.8319936162972177,0.705895358364438,0.9102057101282608
IL-11,IL,11,750486,88045,21329,2.84,24.23,False,0.4611619058436027,0.8224089954000795,0.7023863430537945,0.9093758873303425
AL-6,AL,6,711393,93332,20125,2.83,21.56,False,0.4247846397805683,0.8041829168988128,0.6955797238299433,0.9074915355933656
ND-AL,ND,0,776874,112870,21989,2.83,19.48,False,0.3559404624789581,0.8301940285283955,0.7297556384425001,0.9034375830601578
NJ-1,NJ,1,770451,105472,21641,2.81,20.52,False,0.41353155339805825,0.8006011074029126,0.6982531992091598,0.8875530946601942
PA-5,PA,5,763043,101977,21439,2.81,21.02,True,0.4487678594192808,0.8115457407062376,0.6483044134886521,0.8904164664581229
CO-8,CO,8,721664,114367,20141,2.79,17.61,False,0.3097484414210393,0.8227198405134348,0.7583246900775423,0.9113118294612956
NJ-7,NJ,7,775299,79070,21516,2.78,27.21,False,0.5593777665359808,0.8524471986847098,0.631713755521288,0.9033514607309978
NY-2,NY,2,772462,103118,21455,2.78,20.81,False,0.41248860528714676,0.8234352877286216,0.682548794489093,0.8974669795767956
TX-4,TX,4,773348,98818,21432,2.77,21.69,False,0.4481369790928778,0.7798579206217491,0.6924676811525068,0.8961828816612358
WI-4,WI,4,731384,121110,20175,2.76,16.66,True,0.38390719180909916,0.7865741887540253,0.6245804845143614,0.8832548922467178
NJ-9,NJ,9,765162,110166,21102,2.76,19.15,False,0.42892543979086106,0.7797505582484614,0.6389817629179332,0.8962747127062796
NJ-3,NJ,3,777191,89203,21273,2.74,23.85,False,0.49375021019472437,0.7886842370772283,0.6796053798029432,0.9011356120309855
MT-1,MT,1,547233,72342,14985,2.74,20.71,False,0.4039700312404965,0.8175333830969561,0.7041757480405884,0.8907135550579194
MA-4,MA,4,778731,94117,21346,2.74,22.68,False,0.515762295865784,0.8123399598372238,0.6084631906045789,0.8896692414760351
NH-2,NH,2,689951,84974,18846,2.73,22.18,False,0.40776002071221784,0.8184856544354744,0.7269055823569952,0.9142090521806671
MI-7,MI,7,773038,96695,21084,2.73,21.8,True,0.4226692176431046,0.8201665029215575,0.7279751875422574,0.8640364031232225
UT-3,UT,3,813368,113066,22198,2.73,19.63,False,0.4116975925565599,0.7940671819998939,0.7261640798226164,0.8270036969557604
PA-10,PA,10,766732,100211,20928,2.73,20.88,True,0.3778926465158515,0.8143616968197104,0.742082203213019,0.9145004041472493
CA-16,CA,16,749237,95771,20491,2.73,21.4,False,0.6691691639431561,0.830042497206879,0.4553014068759899,0.8460389888379573
MA-3,MA,3,776406,103591,21055,2.71,20.33,False,0.41228485100056955,0.7994613431668774,0.6906827084499161,0.8928285275747894
MN-6,MN,6,715967,85256,19330,2.7,22.67,False,0.3732992399361922,0.8523271089424791,0.7794135799005801,0.9142816927840856
CA-7,CA,7,753515,117069,20318,2.7,17.36,False,0.38889031255071793,0.7730483731816279,0.6777445120119342,0.851788261623487
NJ-12,NJ,12,769517,92570,20671,2.69,22.33,False,0.49577616938533003,0.7792589391811602,0.6463310275975184,0.8942746030031328
TN-6,TN,6,773165,112448,20803,2.69,18.5,False,0.34377667899829256,0.805767999430848,0.7215066639407304,0.9256723107569721
UT-1,UT,1,822008,119864,22028,2.68,18.38,False,0.358064139357939,0.7978876059534139,0.7610784639834424,0.8451912167122739
NY-8,NY,8,778365,124658,20751,2.67,16.65,False,0.43363442378347156,0.7174028140993759,0.5894086292285738,0.9078599046992571
SC-4,SC,4,737328,103642,19624,2.66,18.93,False,0.3756971112097412,0.7981706258080701,0.6926081457121174,0.9116477875764651
NC-13,NC,13,760678,100586,20164,2.65,20.05,True,0.39643687988388043,0.7907959358161175,0.7174265001598383,0.891277116099656
FL-7,FL,7,771916,102904,20444,2.65,19.87,False,0.36739096633755736,0.8232527404182539,0.7488609677174983,0.8771379149498562
FL-9,FL,9,754301,111978,19934,2.64,17.8,False,0.34807730089839073,0.7971119327010663,0.7241386850938673,0.8860222543713944
UT-2,UT,2,823538,119843,21684,2.63,18.09,False,0.34006992481830395,0.8039268042355415,0.7523274827270063,0.8797092863162638
FL-23,FL,23,762506,89211,20040,2.63,22.46,False,0.4626111129793411,0.8102588245844122,0.6778640101934438,0.8840725919449395
OR-5,OR,5,707199,91222,18623,2.63,20.42,False,0.3755453728267304,0.8161846922891408,0.7390688841572193,0.9012080419197124
MN-1,MN,1,712863,86156,18725,2.63,21.73,False,0.3753656158596035,0.8546705975207762,0.7478095956347182,0.9059148521286968
VA-1,VA,1,789933,84987,20695,2.62,24.35,False,0.46351794980408767,0.7979926341675786,0.7352244801777439,0.8954192994222646
CA-45,CA,45,756570,101383,19803,2.62,19.53,False,0.4291153349180829,0.7865815767929535,0.6862223445407702,0.8433169269009597
NY-4,NY,4,773437,97341,20288,2.62,20.84,False,0.500611253223205,0.8118983778674967,0.5770808126836473,0.8886080890888731
NV-3,NV,3,783412,119111,20483,2.61,17.2,True,0.3425124463735507,0.792882269479729,0.7070473984319315,0.8956015817178934
CO-5,CO,5,722030,116138,18846,2.61,16.23,False,0.3546642787029224,0.7045755911071312,0.7509444708115804,0.8647471111953021
VA-10,VA,10,783536,89126,20387,2.6,22.87,False,0.4983618697125418,0.8352332652649058,0.6177810561027466,0.8895496263716536
OK-5,OK,5,793633,112948,20605,2.6,18.24,False,0.3875057548606438,0.7749849488260084,0.6863338555761288,0.8850798597584729
CA-46,CA,46,759331,127887,19775,2.6,15.46,False,0.31570057941776725,0.7946155590482222,0.7118811881188118,0.8658503209864958
KY-6,KY,6,750403,101573,19461,2.59,19.16,False,0.38975908952182176,0.8087680781309994,0.6904616325282789,0.8802929912476741
VA-2,VA,2,783084,112081,20261,2.59,18.08,False,0.3871396579259643,0.7082199480732685,0.7500602508362816,0.8789982244983539
SC-1,SC,1,734138,92869,18966,2.58,20.42,False,0.39536336129386557,0.7867103123754967,0.7276255127198753,0.9023893872013266
IN-5,IN,5,756125,90043,19491,2.58,21.65,False,0.4171229301555923,0.8154437324389459,0.694308739404568,0.9165954044178892
AR-3,AR,3,758572,107413,19485,2.57,18.14,False,0.3646392894714792,0.8010017409438336,0.684498691567126,0.9073296528353179
CA-37,CA,37,756145,132695,19418,2.57,14.63,False,0.37305851765326503,0.7551075775274125,0.5925572812548054,0.8766720675232677
MD-5,MD,5,774011,98440,19701,2.55,20.01,False,0.41983949613978055,0.7654307192198293,0.7204132640720563,0.8644453474197481
PA-11,PA,11,765641,97119,19460,2.54,20.04,True,0.34022178976307416,0.8221151370998466,0.7777938767094279,0.9210247222479638
CA-40,CA,40,754432,88822,19165,2.54,21.58,False,0.5140956069442255,0.8076152304609219,0.6160931285903668,0.8435072391974962
SD-AL,SD,0,890342,113899,22397,2.52,19.66,False,0.3441206683113987,0.8300687451162873,0.7438736565036193,0.925425157376272
CT-4,CT,4,722029,82385,18225,2.52,22.12,False,0.5521150694908054,0.8135947077744735,0.5556390211606529,0.8863021181040238
HI-1,HI,1,723185,105092,18077,2.5,17.2,False,0.39061013207475354,0.7228713888783161,0.7152332268370607,0.851729912838275
NJ-5,NJ,5,771690,79307,19284,2.5,24.32,False,0.5776287086890186,0.8170401099524632,0.5787173383897473,0.8902618936537758
TX-2,TX,2,761434,99609,18925,2.49,19.0,False,0.37756628417110905,0.7764057464686925,0.7190741033964057,0.9013141382806774
TX-3,TX,3,780231,88187,19351,2.48,21.94,False,0.4281470057945049,0.8009116990032544,0.7051335777894185,0.9075147130529443
IA-1,IA,1,797528,98509,19664,2.47,19.96,False,0.37976225522541085,0.8106670456506512,0.7242344255462718,0.8952989066988803
CA-29,CA,29,742347,127841,18330,2.47,14.34,False,0.3192246618846849,0.7755023818649729,0.6639428915143055,0.8723336018961053
GA-7,GA,7,763613,99542,18847,2.47,18.93,True,0.38661067690020295,0.7807558618472604,0.7014117498100785,0.8942757830865363
MD-6,MD,6,777191,98131,19160,2.47,19.52,False,0.3999755428967401,0.7861328224516207,0.6987963502232576,0.888618275570411
FL-25,FL,25,765444,95575,18812,2.46,19.68,False,0.417933560031389,0.7943290609469004,0.6912777097025733,0.8576929113261836
NY-1,NY,1,778417,82446,19149,2.46,23.23,False,0.521310918661912,0.8130048759187832,0.6183360663967069,0.8862528200276545
PA-7,PA,7,766617,94801,18895,2.46,19.93,True,0.37417326821447033,0.8155082752291642,0.721165580602823,0.9057499393466314
OH-11,OH,11,781356,122500,19117,2.45,15.61,False,0.39179591836734695,0.7737224489795919,0.5805369410376364,0.8867755102040816
TX-21,TX,21,764786,92622,18665,2.44,20.15,False,0.4133791107944117,0.8100991125218631,0.6743199375410914,0.8923797801818143
KY-4,KY,4,751457,94957,18334,2.44,19.31,False,0.36441757848289225,0.7915161599460808,0.7371885749453254,0.9079899322851396
WI-8,WI,8,736190,88806,17961,2.44,20.22,True,0.3268810665945995,0.8676440781028308,0.7822112375072852,0.9116726347318875
MI-10,MI,10,772612,108190,18740,2.43,17.32,True,0.3405397911082355,0.7949718088547925,0.721813952530929,0.886422035308254
VA-7,VA,7,786030,102249,19053,2.42,18.63,False,0.35461471505833797,0.7813083746540308,0.7552689490567897,0.8904634764154172
AZ-5,AZ,5,787758,86800,18868,2.4,21.74,True,0.40078341013824886,0.8124654377880184,0.7540653269053681,0.885299539170507
LA-6,LA,6,781098,107542,18731,2.4,17.42,False,0.35371296795670526,0.7937735954324822,0.6984841238079434,0.8881553253612542
TX-18,TX,18,768562,136203,18341,2.39,13.47,False,0.33530098455981144,0.7621638289905509,0.5861592992740534,0.898966983106099
CT-2,CT,2,723724,85934,17120,2.37,19.92,False,0.40175018037098237,0.7870342355761398,0.7096855631713813,0.88779761212093
TN-2,TN,2,771752,98985,18311,2.37,18.5,False,0.3626913168661918,0.8010405617012679,0.7086903699562417,0.8984492599888872
IN-4,IN,4,756007,94008,17775,2.35,18.91,False,0.35571440728448644,0.809420474853204,0.7445785695293805,0.8819994043060165
CA-42,CA,42,752589,125527,17573,2.34,14.0,False,0.3052650027484127,0.7738733499565831,0.6808160720620008,0.8704262827917499
NY-16,NY,16,773881,95505,18070,2.33,18.92,False,0.49285377728914714,0.7837495419088006,0.5537371351442552,0.8845610177477619
DE-AL,DE,0,993635,127883,23015,2.32,18.0,False,0.3564351790308329,0.7984720408498394,0.7070393466046906,0.8943643799410399
NY-22,NY,22,772136,97045,17890,2.32,18.43,False,0.3857694883816786,0.7884898758308001,0.6737662450275854,0.8995105363491164
AL-5,AL,5,720871,94837,16660,2.31,17.57,False,0.3654586290161013,0.7784725370899543,0.6937874417572665,0.8899796492929974
IA-2,IA,2,795900,94130,18377,2.31,19.52,False,0.3340380325082333,0.8578242855625199,0.7332187246823562,0.9292361627536386
TX-33,TX,33,776063,129000,17933,2.31,13.9,False,0.2892093023255814,0.768015503875969,0.6774596682572143,0.9238294573643411
TX-22,TX,22,781040,88419,17945,2.3,20.3,False,0.41232088125855304,0.7761227790407039,0.698270030950868,0.9082776326355195
NJ-4,NJ,4,774829,83071,17602,2.27,21.19,False,0.47010388703639056,0.7917444114071096,0.6602149918694508,0.8622864778322158
CA-24,CA,24,760229,96252,17264,2.27,17.94,False,0.37544154926650875,0.7856667913394008,0.7135314468656409,0.8521693055728712
OR-6,OR,6,706640,98611,16049,2.27,16.28,False,0.310786829055582,0.7884414517650161,0.7303983086298319,0.9093711654886372
IN-6,IN,6,752728,99346,16978,2.26,17.09,False,0.31903649870150785,0.7926338252169186,0.7370143441160578,0.9169568981136633
NJ-10,NJ,10,764061,115180,17295,2.26,15.02,False,0.38180239624934886,0.7417433582219135,0.5986324647177932,0.8856832783469353
CA-6,CA,6,755594,120294,16983,2.25,14.12,False,0.30654895506010277,0.756438392604785,0.6970626961420043,0.8734101451443962
CA-49,CA,49,756381,98697,17030,2.25,17.25,False,0.4311377245508982,0.7325146660992735,0.6292717188597448,0.8682432090134452
FL-15,FL,15,785390,105582,17639,2.25,16.71,False,0.35306207497490105,0.7822924362107178,0.6831766850299889,0.8853687181527155
WA-8,WA,8,768045,88120,17136,2.23,19.45,False,0.4082274171584203,0.8030866999546074,0.6503475238922676,0.9120403994552883
TX-10,TX,10,765079,94626,16995,2.22,17.96,False,0.3926299325766703,0.7887261429205504,0.6683148324001004,0.8678164563650582
TX-20,TX,20,797033,131662,17625,2.21,13.39,False,0.2973295256034391,0.7687487657790403,0.6774292742927429,0.8645167170481992
WI-1,WI,1,733336,89909,16212,2.21,18.03,True,0.3283542248273254,0.8101302428010544,0.7499362336841405,0.9038917127317622
CA-19,CA,19,753931,90983,16699,2.21,18.35,False,0.4651967950056604,0.7822120615939241,0.5962535199771457,0.8459162700724311
MI-4,MI,4,774289,98820,17030,2.2,17.23,True,0.3368447682655333,0.7973891924711597,0.709054126584369,0.9048876745598057
NC-6,NC,6,745094,96486,16402,2.2,17.0,True,0.37024024210766326,0.7864767945608689,0.6698320799863271,0.8715668594407479
SC-2,SC,2,735646,94895,16163,2.2,17.03,False,0.35991358870330364,0.7630012118657463,0.6889103700123517,0.9003003319458349
CA-38,CA,38,754110,107134,16549,2.19,15.45,False,0.32757107920921463,0.7710250714059029,0.7330241129435282,0.8343476394048575
ID-2,ID,2,922606,124575,20238,2.19,16.25,False,0.330162552679109,0.7709331727874774,0.7389537352362631,0.8637206502107164
WA-2,WA,2,770694,107391,16849,2.19,15.69,False,0.31545474015513403,0.7482563715767615,0.7378696408472322,0.9008296784646758
LA-1,LA,1,768258,99571,16681,2.17,16.75,False,0.35615791746592884,0.7727450763776602,0.6850098415000518,0.8885920599371303
IL-16,IL,16,751284,85011,16315,2.17,19.19,False,0.3462610720965522,0.8130477232358165,0.7450025044396885,0.9150345249438308
IL-14,IL,14,757406,93912,16339,2.16,17.4,False,0.3336314847942755,0.8033904080415708,0.7235178786139065,0.8971696907743419
OH-13,OH,13,785253,101630,16974,2.16,16.7,False,0.3457935648922562,0.8069074092295582,0.6629325195648964,0.9029420446718489
WA-10,WA,10,768909,120422,16623,2.16,13.8,False,0.28974772051618475,0.6913437743933832,0.772391202620496,0.8921791699191177
SC-6,SC,6,732601,112099,15849,2.16,14.14,False,0.33942318843165414,0.7551360850676634,0.6167889964843027,0.8943166308352438
VA-5,VA,5,789918,96277,17090,2.16,17.75,False,0.38508678085108594,0.7627055267613241,0.6815661193153917,0.8867330722810225
CA-4,CA,4,764345,98715,16448,2.15,16.66,False,0.3518208985463202,0.7742896216380489,0.7168331812286853,0.8532644481588411
CA-10,CA,10,755993,84579,16192,2.14,19.14,False,0.5170787074805803,0.7846037432459594,0.5375509762171136,0.877818370990435
TX-31,TX,31,780858,103742,16619,2.13,16.02,False,0.343486726687359,0.7236220624240906,0.7174761534938368,0.8982764936091457
OK-1,OK,1,792397,111526,16810,2.12,15.07,False,0.3075785018740025,0.7919139931495794,0.6835726736946958,0.9052597600559511
NM-1,NM,1,707680,96539,15035,2.12,15.57,False,0.35812469571882866,0.7699789722288402,0.6601535316631872,0.8555402479826806
AR-2,AR,2,751268,100730,15882,2.11,15.77,False,0.3436215625930706,0.778328204109997,0.6564472230987694,0.8980442767795096
KS-1,KS,1,734313,92506,15479,2.11,16.73,False,0.3309190755194258,0.7984671264566623,0.7142152888849937,0.8866668108014615
MA-9,MA,9,779745,81723,16420,2.11,20.09,False,0.4031300857775657,0.8084382609546884,0.6771860161608309,0.9103801867283384
NY-5,NY,5,800945,110953,16874,2.11,15.21,False,0.3531675574342289,0.732219948987409,0.674505910458875,0.8718826890665416
CT-5,CT,5,723512,85729,15209,2.1,17.74,False,0.3860420627792229,0.7951101727536772,0.6449982701527208,0.8960795063514096
CA-31,CA,31,749679,107134,15719,2.1,14.67,False,0.30163160154572777,0.7787537103067187,0.7328595252567759,0.8522877891239009
CA-35,CA,35,767456,125780,16005,2.09,12.72,False,0.2711480362537764,0.7664891079662903,0.7216982261269241,0.8483781205279058
VA-3,VA,3,778421,131953,16186,2.08,12.27,False,0.3045023606890332,0.6803179920123074,0.6930407856615114,0.854372390169227
OH-8,OH,8,784012,94676,16315,2.08,17.23,False,0.31798977565592124,0.8240208711817145,0.7207075763062046,0.9124910220119143
TX-25,TX,25,778250,103486,16111,2.07,15.57,False,0.3094138337552906,0.7772065786676459,0.7210152262629062,0.8978605801750962
KS-4,KS,4,733242,96543,15151,2.07,15.69,False,0.31447127186849383,0.7895963456698052,0.712349947387635,0.8872315962835213
IL-13,IL,13,751712,103176,15502,2.06,15.02,False,0.3487729704582461,0.7843975343103047,0.6397614118111012,0.8584651469333954
OH-10,OH,10,784983,105418,16087,2.05,15.26,False,0.3276195716101615,0.7738147185490144,0.6790215404257789,0.8864994592953765
NV-2,NV,2,777013,109503,15963,2.05,14.58,True,0.2744947627005653,0.8033478534834662,0.7399995943040285,0.8933179912879099
GA-10,GA,10,770605,99091,15731,2.04,15.88,True,0.3245198857615727,0.7675671857181783,0.718698637847574,0.8868111130173275
MT-2,MT,2,544607,67812,11134,2.04,16.42,False,0.307143278475786,0.7986934465876246,0.7251433178072375,0.9229782339408954
WI-3,WI,3,735541,85262,14938,2.03,17.52,True,0.3047547559287842,0.822898829490277,0.7695853607431379,0.907813562900237
CA-26,CA,26,757602,98921,15410,2.03,15.58,False,0.33338724841034767,0.7794704865498732,0.6806726378644187,0.8807128921058218
NY-17,NY,17,775256,83253,15711,2.03,18.87,False,0.4591306019002318,0.7761041644144956,0.5801253494731021,0.9128800163357477
TN-3,TN,3,771173,101513,15642,2.03,15.41,False,0.30891609941583836,0.7810822259218031,0.696597120061851,0.9167397279166215
FL-24,FL,24,780118,114423,15806,2.03,13.81,False,0.3293918180785332,0.7563514328412994,0.6271385122291218,0.8841142078078708
IL-10,IL,10,753313,83818,15304,2.03,18.26,False,0.408635376649407,0.7770526617194398,0.6488671352690784,0.8861819656875611
TX-9,TX,9,757232,114279,15307,2.02,13.39,False,0.32734798169392454,0.7409410302855293,0.6338600747491968,0.8712274346117834
FL-16,FL,16,774262,90180,15625,2.02,17.33,False,0.336216455976935,0.788445331559104,0.727978962098,0.8978154801508095
WI-6,WI,6,734872,84407,14743,2.01,17.47,True,0.298375727131636,0.8296942196737237,0.7717251663225511,0.9142369708673451
IN-3,IN,3,753447,96669,15005,1.99,15.52,False,0.28081391138834577,0.8034219863658464,0.7465719063545151,0.921526032130259
FL-13,FL,13,768555,83798,15301,1.99,18.26,False,0.36177474402730375,0.7969402611040837,0.7092782940749764,0.8928852717248622
IA-4,IA,4,796327,91248,15685,1.97,17.19,False,0.3048943538488515,0.8368073820796073,0.7425616951087991,0.9073185165702262
GA-13,GA,13,765369,109821,15033,1.96,13.69,True,0.2890521849190956,0.7838573678986714,0.6786438287745689,0.8902213602134382
NY-18,NY,18,778056,95364,15222,1.96,15.96,False,0.3417851600184556,0.7568369615368483,0.6871416257542255,0.8980013422255778
AZ-8,AZ,8,784453,95924,15392,1.96,16.05,True,0.3209103039906593,0.7798465451816021,0.7349100652323833,0.8724719569659314
VA-6,VA,6,783906,96421,15380,1.96,15.95,False,0.3073915433359953,0.7903361300961409,0.7210380407900338,0.9106107590670083
MA-1,MA,1,778095,95626,15237,1.96,15.93,False,0.33762784180034716,0.7757304498776484,0.6726925043915238,0.9043879279693807
TX-8,TX,8,771642,98001,15151,1.96,15.46,False,0.31579269599289805,0.7651758655523924,0.7188845472925549,0.8900113264150366
MD-1,MD,1,773966,90064,15119,1.95,16.79,False,0.33988052940131463,0.7919590513412684,0.7022092165564275,0.8881017942796233
PA-16,PA,16,765331,88624,14944,1.95,16.86,True,0.3449404224589276,0.7717548293915869,0.6875480718030033,0.9212741469579346
WA-6,WA,6,771582,106845,15054,1.95,14.09,False,0.3023632364640367,0.7092517197809911,0.7355891199862983,0.8931723524732088
CA-18,CA,18,759200,113835,14760,1.94,12.97,False,0.2837352308165327,0.7666095664777968,0.6729815638906548,0.8857732683269645
WA-5,WA,5,773672,106706,15007,1.94,14.06,False,0.30628080895169907,0.7395085562198939,0.7140889496372621,0.8695481041365997
IN-9,IN,9,754891,94373,14661,1.94,15.54,False,0.2974261706208344,0.7963612473906732,0.7378682698375792,0.8888983077787079
CA-8,CA,8,752780,108916,14415,1.91,13.23,False,0.28633075030298577,0.7640383414741636,0.6913429798511612,0.8751055859561497
AK-AL,AK,0,734821,115277,13994,1.9,12.14,False,0.26636709838042283,0.6879516295531632,0.7404080611883376,0.8947491693919862
NY-23,NY,23,776787,87272,14727,1.9,16.87,False,0.3299798331652764,0.7749449995416628,0.7061768028060162,0.9344807040058667
CA-43,CA,43,747415,118241,14222,1.9,12.03,False,0.27573345962906265,0.7494777615209615,0.6558071909115553,0.8875263233565346
NY-19,NY,19,774864,86389,14649,1.89,16.96,False,0.36616930396231,0.767285186771464,0.6826754055547185,0.8840940397504312
TN-9,TN,9,767305,123630,14517,1.89,11.74,False,0.30423845344980993,0.745045700881663,0.5842131816722469,0.8867022567338024
WY-AL,WY,0,577929,73997,10867,1.88,14.69,False,0.27833560820033243,0.8026271335324405,0.7356467878980386,0.8935902806870549
TN-4,TN,4,771866,102430,14403,1.87,14.06,False,0.26127111197891245,0.7774577760421751,0.7570949696584283,0.9143219759835985
IL-4,IL,4,735314,103290,13750,1.87,13.31,False,0.29364894955949267,0.7405460354342144,0.6703049834746709,0.9132733081614871
FL-1,FL,1,772291,110247,14380,1.86,13.04,False,0.30697433943780783,0.6730432574129002,0.713992297817715,0.8842054659083693
NE-3,NE,3,653047,73298,12125,1.86,16.54,False,0.28274987039209803,0.844702447542907,0.745120780675092,0.9295205871920107
AZ-6,AZ,6,784933,95753,14628,1.86,15.28,True,0.33754555993023716,0.7202385303854709,0.7208241603161163,0.8717846960408551
IL-1,IL,1,754024,98003,14047,1.86,14.33,False,0.3558156382967868,0.7389569707049785,0.6142751479289941,0.8874422211564952
FL-22,FL,22,768503,89280,14267,1.86,15.98,False,0.3204413082437276,0.7977710573476703,0.6999404506363472,0.8930779569892473
PA-14,PA,14,763254,85331,14135,1.85,16.56,True,0.31844230115667227,0.7680678768560077,0.7253206230652056,0.9337755329247284
FL-26,FL,26,775185,96582,14231,1.84,14.73,False,0.3103683916257688,0.7867925700441076,0.6844422133837896,0.8815617816984531
CA-20,CA,20,762132,109391,13997,1.84,12.8,False,0.2874368092439049,0.7261657723213062,0.7130300282681743,0.8597690852081067
PA-15,PA,15,765029,87936,13903,1.82,15.81,True,0.32496360989810774,0.743995633187773,0.7222538786293351,0.9053971069868996
OH-9,OH,9,784857,101292,14215,1.81,14.03,False,0.2928464241993445,0.7944358883228685,0.6685630463654925,0.9022331477313115
OH-5,OH,5,785703,91274,14199,1.81,15.56,False,0.29300786642417337,0.8093213839647654,0.7230077261485259,0.907355873523676
MN-7,MN,7,713351,77751,12892,1.81,16.58,False,0.27552057208267416,0.8414940000771695,0.7686139609249143,0.9304703476482618
NC-11,NC,11,746329,86716,13482,1.81,15.55,True,0.31476313483094237,0.8061488076018266,0.6769430284665066,0.9051155496102219
MO-6,MO,6,769064,92732,13862,1.8,14.95,False,0.28359142475089505,0.7725164991588664,0.7414631948824218,0.9202648492429798
FL-28,FL,28,764574,96979,13725,1.8,14.15,False,0.3068705596056878,0.7546169789335836,0.6900778640044717,0.8856453458996277
WA-3,WA,3,770201,99407,13821,1.79,13.9,False,0.26671159978673536,0.7609423883629926,0.749742681644624,0.9137183498143994
CO-3,CO,3,723027,88668,12926,1.79,14.58,False,0.293138449045879,0.7755898407542744,0.704973346611212,0.9095502323273335
CA-44,CA,44,756441,117632,13560,1.79,11.53,False,0.2540295157780196,0.7569198857453754,0.689991456923178,0.8688707154515778
CA-48,CA,48,764088,97227,13582,1.78,13.97,False,0.3028891151634834,0.7403807584312999,0.7179457167752591,0.8676705030495644
OH-14,OH,14,785932,90334,13815,1.76,15.29,False,0.30420439701552016,0.783104921734895,0.7003650924508303,0.9166205415458188
MO-4,MO,4,771882,96445,13560,1.76,14.06,False,0.27408367463321065,0.7529265384415988,0.7469227091279064,0.9121675566384986
CA-3,CA,3,764866,83652,13455,1.76,16.08,False,0.36538277626356813,0.755666331946636,0.6551560549313359,0.8891478984363793
FL-8,FL,8,773536,83231,13499,1.75,16.22,False,0.33145102185483777,0.7619997356754094,0.7217921480748523,0.8896444834256467
AZ-3,AZ,3,807937,135873,14169,1.75,10.43,True,0.22147152119994407,0.7608796449625753,0.6737534093293237,0.9184606213154931
OH-4,OH,4,787372,92048,13758,1.75,14.95,False,0.2872088475577959,0.7705762211020337,0.7274347897413463,0.9283960542325743
TX-6,TX,6,763185,106404,13261,1.74,12.46,False,0.25307319273711515,0.7615785120860118,0.7168156976933692,0.9020619525581745
TX-13,TX,13,769816,109176,13388,1.74,12.26,False,0.257584084414157,0.7658734520407415,0.701524698481429,0.8860830219095772
FL-21,FL,21,776143,82810,13516,1.74,16.32,False,0.32237652457432675,0.7948315420842893,0.7164960618307324,0.8890230648472407
MN-8,MN,8,715514,79179,12448,1.74,15.72,False,0.28882658280604706,0.7948951110774322,0.745552977571539,0.9184379696636734
ID-1,ID,1,931503,115421,16226,1.74,14.06,False,0.26737768690273,0.7684910025038771,0.7601348527485999,0.9000615139359389
MI-9,MI,9,774580,82574,13477,1.74,16.32,True,0.3046237314408894,0.7947295758955604,0.7322588674548849,0.9206772107443021
MO-7,MO,7,771969,99017,13256,1.72,13.39,False,0.26998394215134774,0.7895209913449206,0.6928771940648425,0.9064504075057819
PA-9,PA,9,765339,89172,13051,1.71,14.64,True,0.274234064504553,0.7701744942358588,0.7437172086500294,0.9317723052079128
FL-20,FL,20,773320,109910,13201,1.71,12.01,False,0.2654444545537258,0.7664725684651078,0.6748206309857925,0.8748248567009371
NJ-2,NJ,2,777770,90231,13318,1.71,14.76,False,0.3102703062140506,0.7607252496370427,0.6937212863705973,0.901452937460518
FL-19,FL,19,772972,74599,13143,1.7,17.62,False,0.3376988967680532,0.8040858456547675,0.7078918496475645,0.9165940562205928
NY-21,NY,21,777284,93065,13224,1.7,14.21,False,0.2857142857142857,0.723870413152098,0.7418460707280693,0.9261591360876806
GA-1,GA,1,768625,112633,13021,1.69,11.56,True,0.2775385544201078,0.6929141548214112,0.6773662301972195,0.8874663730878162
OR-4,OR,4,705794,85589,11961,1.69,13.97,False,0.3093154494152286,0.7594901213941044,0.6863561751231104,0.8667235275561112
LA-2,LA,2,769243,114440,12907,1.68,11.28,False,0.3204211814051031,0.7259786787836421,0.5528768596522674,0.8769224047535826
FL-11,FL,11,776905,87178,13089,1.68,15.01,False,0.30879350294799146,0.7666039597146069,0.7009806438363198,0.9048154350868338
GA-9,GA,9,768577,87540,12890,1.68,14.72,True,0.29563628055745944,0.7779186657527987,0.7018003960084447,0.9123257939227781
SC-5,SC,5,733429,90190,12235,1.67,13.57,False,0.2814170085375319,0.7473112318438851,0.6985401376015069,0.9234394056990797
ME-2,ME,2,683804,78603,11452,1.67,14.57,False,0.3002302711092452,0.7713954938106689,0.6968560715315835,0.9027136368840883
CA-52,CA,52,769351,121228,12661,1.65,10.44,False,0.23638928300392648,0.7042102484574521,0.7266425922784228,0.8634061437951628
IL-15,IL,15,754127,84648,12454,1.65,14.71,False,0.27822275777336736,0.7856180890275021,0.72909114372529,0.9232232303184954
PA-8,PA,8,764480,91659,12626,1.65,13.77,True,0.2927590307552995,0.7665041076162734,0.6746295885412814,0.9099379220807559
MI-12,MI,12,770452,112113,12651,1.64,11.28,True,0.2877899975917155,0.7166697885169427,0.6109748322328964,0.8954447744686165
TX-23,TX,23,745532,102572,12180,1.63,11.87,False,0.2734079475880357,0.7030768630815427,0.696739657121761,0.886596732051632
WV-2,WV,2,899008,110307,14682,1.63,13.31,False,0.29523058373448646,0.7291649668652035,0.6788607104237652,0.9107762879962287
FL-2,FL,2,775769,103353,12550,1.62,12.14,False,0.2926668795293799,0.7064719940398441,0.6729609789990363,0.8727177730689966
NY-24,NY,24,777980,93955,12635,1.62,13.45,False,0.2670427332233516,0.7525943270714703,0.7205375328561838,0.9286786227449311
CA-41,CA,41,770422,98608,12409,1.61,12.58,False,0.27387230245010546,0.7447874411812428,0.7147929971371945,0.8630841311049814
TX-17,TX,17,777093,102537,12523,1.61,12.21,False,0.26770824190292286,0.7462574485307742,0.6771215720146837,0.9028643318997045
OK-4,OK,4,794112,108583,12675,1.6,11.67,False,0.260353830710148,0.7082139929823269,0.7060747663551402,0.8966136503872614
WI-7,WI,7,737082,76428,11757,1.6,15.38,True,0.26585806249018684,0.8258229968074527,0.7545323920784657,0.9286256345841838
LA-3,LA,3,771697,107660,12336,1.6,11.46,False,0.25756083968047555,0.7555452349990711,0.6451179382788027,0.9127066691436002
IN-2,IN,2,752670,95035,11976,1.59,12.6,False,0.248676803283001,0.7781343715473247,0.7079944794862728,0.9197979691692534
HI-2,HI,2,727404,93469,11479,1.58,12.28,False,0.2761022371053504,0.6914057067048968,0.7087143625605165,0.9077448137885288
TX-14,TX,14,768073,104398,12115,1.58,11.6,False,0.26077127914327863,0.7241230674917144,0.6772818107013475,0.9073928619322209
CA-5,CA,5,761352,91585,12039,1.58,13.15,False,0.2919146148386745,0.7362340994704373,0.7076106685489564,0.8643664355516734
OH-12,OH,12,788205,91664,12481,1.58,13.62,False,0.26244763484028627,0.7773280677256066,0.7224863268178986,0.9238086926165124
TX-19,TX,19,766171,107310,12018,1.57,11.2,False,0.24789861149939427,0.734954803839344,0.6891090518863606,0.8920137918180971
TX-11,TX,11,760697,118024,11838,1.56,10.03,False,0.23263065139293704,0.7119823086829797,0.6783765288038043,0.892682844167288
IN-8,IN,8,754480,92792,11737,1.56,12.65,False,0.24388955944477972,0.7793452021726011,0.7229758581047792,0.9204457280800069
KS-2,KS,2,734782,89377,11470,1.56,12.83,False,0.2696219385300469,0.7453595444018036,0.7031064953994717,0.9081978585094599
NC-5,NC,5,747107,88953,11547,1.55,12.98,True,0.29412161478533605,0.752386091531483,0.6461869269518368,0.9078052454667072
TX-16,TX,16,771490,115910,11912,1.54,10.28,False,0.26970062979898196,0.6796566301440773,0.6574407335169806,0.8527650763523423
PA-13,PA,13,765340,87548,11760,1.54,13.43,True,0.24589939233334857,0.7885959702106273,0.7386279782377587,0.9378055466715401
CA-39,CA,39,759924,119092,11706,1.54,9.83,False,0.20585765626574412,0.7476236858899002,0.7374880354543905,0.8659691666946562
FL-4,FL,4,775118,108993,11877,1.53,10.9,False,0.24241006303157084,0.7443138550182122,0.6760699008656517,0.8933601240446635
CA-33,CA,33,757643,118624,11538,1.52,9.73,False,0.2196941596978689,0.7268849473968169,0.7016487301926686,0.8680705422174265
IL-12,IL,12,752942,88730,11451,1.52,12.91,False,0.2684999436492731,0.7480784402118787,0.7048356346409382,0.9115518990194974
MS-1,MS,1,741109,93432,11251,1.52,12.04,False,0.2557474955047521,0.7653373576504838,0.667256341789052,0.9220502611524959
IL-17,IL,17,752786,94464,11441,1.52,12.11,False,0.2685996781842818,0.7693301151761518,0.6465579747674587,0.9065358231707317
SC-3,SC,3,731595,86629,11083,1.51,12.79,False,0.27309561463251336,0.7710581906751781,0.6618233758557849,0.9180182156090917
CA-2,CA,2,763623,83272,11519,1.51,13.83,False,0.3403665097511769,0.7418940340090306,0.6149314248394471,0.8908156403112691
MS-3,MS,3,738576,92805,11183,1.51,12.05,False,0.28982274661925544,0.7386563223964226,0.626533943676442,0.8983567695706051
FL-3,FL,3,769691,98152,11614,1.51,11.83,False,0.3010636563697123,0.7126701442660364,0.6495311758911306,0.8490402640802022
CA-27,CA,27,747561,98629,11292,1.51,11.45,False,0.2787212685924018,0.7002504334424966,0.68213702444379,0.8599803303288079
KY-2,KY,2,753141,94617,11300,1.5,11.94,False,0.2486022596362176,0.7559212403690668,0.6948933201296363,0.9145713772366488
TX-36,TX,36,762290,101178,11470,1.5,11.34,False,0.24621953389076676,0.7317203344600605,0.6981906419792161,0.9011939354405107
IN-1,IN,1,753721,92257,11189,1.48,12.13,False,0.26689573690885243,0.7347843524068635,0.6718746494986428,0.92045048072233
MI-1,MI,1,777560,81807,11484,1.48,14.04,True,0.27857029349566664,0.7712665175351743,0.7143153715405276,0.9147138997885267
AL-7,AL,7,726993,100094,10720,1.47,10.71,False,0.2962015705237077,0.7213119667512539,0.5609212126994728,0.8936299878114572
GA-3,GA,3,767633,92154,11236,1.46,12.19,True,0.25569155978036767,0.7653710093973132,0.6937180466592231,0.898116196801007
TX-5,TX,5,773020,98500,11266,1.46,11.44,False,0.2216954314720812,0.7816649746192893,0.7293211000552142,0.9049543147208122
WA-4,WA,4,769380,103324,11081,1.44,10.72,False,0.2155065618830088,0.7626011381673183,0.7111877452623158,0.9175602957686501
NC-10,NC,10,749703,89291,10658,1.42,11.94,True,0.24509749022857846,0.7728438476442194,0.6884781469186032,0.915299414274675
NC-7,NC,7,754700,89397,10665,1.41,11.93,True,0.27619495061355526,0.7352260142957817,0.6528302778302778,0.8999518999519
GA-14,GA,14,767374,98156,10786,1.41,10.99,True,0.22016993357512532,0.7472492766616406,0.7364008511031963,0.9069847997065895
AL-1,AL,1,718903,90828,10058,1.4,11.07,False,0.2545140265116484,0.729763949442903,0.6386424108164076,0.9335997709957282
TN-1,TN,1,769366,90647,10635,1.38,11.73,False,0.2603395589484484,0.7421315653027679,0.6609013843995853,0.9187838538506514
MI-13,MI,13,769958,115454,10638,1.38,9.21,True,0.2476657370034819,0.7082994092885478,0.5786299783344482,0.9077641311691236
NC-9,NC,9,747637,107687,10089,1.35,9.37,True,0.2644516051148235,0.6041769201482073,0.6758089874939628,0.8676349048631683
MI-8,MI,8,773930,96550,10432,1.35,10.8,True,0.24866908337648885,0.7469083376488865,0.6398056590043234,0.9092801657172449
MI-2,MI,2,777946,90430,10273,1.32,11.36,True,0.21882118765896275,0.7448744885546832,0.7496451317095231,0.9296914740683402
MI-5,MI,5,773808,89831,10069,1.3,11.21,True,0.22903006757132838,0.7388874664648062,0.7217228058774685,0.9177566764257328
NY-15,NY,15,764377,117050,9915,1.3,8.47,False,0.2587953865869287,0.6759077317385732,0.5476813705020217,0.8841777018368219
NC-8,NC,8,748980,85294,9732,1.3,11.41,True,0.23648791239712055,0.767615541538678,0.6793633965645628,0.9252233451356484
TX-15,TX,15,764599,105474,9940,1.3,9.42,False,0.2428181352750441,0.7035288317500047,0.6041359106846281,0.9131634336424143
TN-8,TN,8,765143,86220,9939,1.3,11.53,False,0.27261656228253306,0.7112502899559267,0.6479015310717502,0.917594525632104
OH-2,OH,2,786866,95204,10158,1.29,10.67,False,0.2228162682240242,0.7321646149321457,0.6937290613739192,0.9427334985924961
OK-3,OK,3,792662,106851,10237,1.29,9.58,False,0.21856604056115525,0.7304564299819375,0.6649564034070863,0.9024342308448213
GA-8,GA,8,767071,102124,9888,1.29,9.68,True,0.24136344052328543,0.6912870627864165,0.6475524475524476,0.8961752379460264
MO-8,MO,8,772194,92558,9928,1.29,10.73,False,0.2204131463514769,0.7692689988979883,0.6897726612012326,0.9171438449404697
VA-9,VA,9,785903,87190,10075,1.28,11.56,False,0.2683794013074894,0.7121917651106778,0.6799583143359604,0.8891386626906755
AL-2,AL,2,714527,93160,9110,1.27,9.78,False,0.23762344353799913,0.7106054100472305,0.6394957389707613,0.9056247316444827
NC-3,NC,3,746908,97530,9380,1.26,9.62,True,0.24142315185071261,0.6516046344714447,0.6941930830863544,0.880662360299395
NV-4,NV,4,787554,113614,9930,1.26,8.74,True,0.19421902230358934,0.7055204464238563,0.7062888158238088,0.903084126956185
NV-1,NV,1,756838,106339,9515,1.26,8.95,True,0.2094715955576035,0.7357977788017567,0.6462677450608703,0.8982875520740274
AZ-7,AZ,7,806472,116001,10119,1.25,8.72,True,0.21038611736105722,0.7212955060732235,0.6461394743471324,0.8896388824234274
TX-27,TX,27,768203,101963,9628,1.25,9.44,False,0.20344634818512597,0.7338053999980385,0.6889327935918222,0.9180585114208095
OH-6,OH,6,784426,90025,9688,1.24,10.76,False,0.23203554568175508,0.75394612607609,0.6656728570231211,0.9240655373507359
GA-12,GA,12,764339,103600,9489,1.24,9.16,True,0.2348166023166023,0.6859749034749035,0.6381218661182614,0.8910907335907335
AZ-9,AZ,9,811270,98881,9961,1.23,10.07,True,0.19381883273834205,0.7356013794358875,0.7764619136747773,0.9100231591508986
CA-1,CA,1,766231,102320,9390,1.23,9.18,False,0.21380961688819392,0.7020035183737294,0.6953395844482189,0.8792709147771697
MS-4,MS,4,740640,94547,9096,1.23,9.62,False,0.24575079061207653,0.7027087057230795,0.6212173679918678,0.8968343786688102
AL-3,AL,3,717658,91416,8814,1.23,9.64,False,0.2334602257810449,0.7293471602345323,0.6462766281007822,0.8761814124442111
IL-2,IL,2,755018,96999,9121,1.21,9.4,False,0.2357550077835854,0.7071310013505294,0.6285979466495554,0.897297910287735
CA-9,CA,9,762122,105475,9240,1.21,8.76,False,0.19004503436833373,0.7310547523109742,0.7047465904353523,0.8947428300545153
NC-1,NC,1,748754,92671,9001,1.2,9.71,True,0.23251070993083056,0.72090513752954,0.6498960548639156,0.8916705333923234
TX-28,TX,28,764122,103775,9132,1.2,8.8,False,0.19989400144543484,0.7082245242110334,0.6796051863100105,0.9146037099494098
KY-1,KY,1,751426,92447,8771,1.17,9.49,False,0.21636180730580765,0.7126677988469069,0.6680772531179838,0.9210466537583697
CA-23,CA,23,758852,107178,8778,1.16,8.19,False,0.20124465841870534,0.645561589132098,0.7089574121207145,0.8892309988990278
TX-1,TX,1,769305,96951,8817,1.15,9.09,False,0.1961403183051232,0.7478004352714258,0.6705581733361464,0.924611401635878
FL-12,FL,12,770735,81184,8760,1.14,10.79,False,0.22590658257784785,0.7340362633031139,0.7158782977408983,0.9089722112731573
FL-17,FL,17,785836,69022,8986,1.14,13.02,False,0.24600851902292023,0.8020341340442178,0.7314928048514902,0.9020602126858103
NM-2,NM,2,703136,93407,7886,1.12,8.44,False,0.21694305565964006,0.6770049353902813,0.6528586356172563,0.8804693438393268
SC-7,SC,7,738013,83736,8202,1.11,9.8,False,0.22419270086939908,0.7476115410337251,0.6346715127484993,0.9208106429731537
OR-2,OR,2,705019,85806,7803,1.11,9.09,False,0.1953359904901755,0.7169545253245694,0.7113689642076038,0.9127799920751463
CA-21,CA,21,758893,118573,8124,1.07,6.85,False,0.18078314624745936,0.6899041097045702,0.61983126071099,0.886247290698557
GA-2,GA,2,757675,102944,7552,1.0,7.34,True,0.2231213086726764,0.646603978862294,0.5765217297273917,0.8820523779919179
NM-3,NM,3,701647,89532,6932,0.99,7.74,False,0.20530089800294868,0.6681968458204888,0.6264095113693919,0.9010186302104276
FL-18,FL,18,780642,99457,7693,0.99,7.74,False,0.1690680394542365,0.7371929577606403,0.6691460396039604,0.9274359773570487
AL-4,AL,4,717747,84999,6946,0.97,8.17,False,0.17967270203178862,0.7516676666784315,0.6515253343875601,0.9286697490558713
TX-34,TX,34,774101,98900,7521,0.97,7.6,False,0.2048736097067745,0.7054903943377149,0.579355594038879,0.908129423660263
TX-29,TX,29,774018,113079,7421,0.96,6.56,False,0.16089636448854341,0.7275179299427834,0.6092263024893811,0.9202062275046649
FL-6,FL,6,779543,81881,7431,0.95,9.08,False,0.20107228783234204,0.7519571084867063,0.6635962600227506,0.9045199741087676
WV-1,WV,1,893959,100612,8467,0.95,8.42,False,0.22816363853218305,0.6583111358486066,0.6092648430551639,0.91960203554248
AR-1,AR,1,754109,93470,6989,0.93,7.48,False,0.19033914625013373,0.6975286188081737,0.6110015340784571,0.9217181983524125
LA-5,LA,5,775396,101660,6979,0.9,6.87,False,0.20411174503246116,0.6500393468424159,0.5676053689382008,0.9116171552232933
AZ-2,AZ,2,798999,94878,7114,0.89,7.5,True,0.18360420750858997,0.6481376082969709,0.7019604587777916,0.8976053458125172
LA-4,LA,4,774854,102633,6904,0.89,6.73,False,0.20195258834877672,0.6369783597868132,0.5754530099881143,0.908684341293736
PR-98,PR,98,3272382,420918,27353,0.84,6.5,False,0.3485952133194589,0.625751333989043,0.3374517295559971,0.882832285623328
MS-2,MS,2,738521,92978,6147,0.83,6.61,False,0.20885585837509948,0.6636838822086946,0.5215114057897785,0.9145496784185506
CA-13,CA,13,770975,112739,6331,0.82,5.62,False,0.1403507215781584,0.6691384525319544,0.6677095441842059,0.8954753900602276
CA-25,CA,25,763179,104797,6272,0.82,5.98,False,0.14791453953834557,0.6717272441004991,0.6732732576310032,0.894710726452093
AR-4,AR,4,754720,87966,6051,0.8,6.88,False,0.17102062160380146,0.7054430120728463,0.6155168788114942,0.926323806925403
OK-2,OK,2,797693,95820,6311,0.79,6.59,False,0.15771237737424337,0.694312252139428,0.6479531471840985,0.9282926320183678
KY-5,KY,5,750027,90777,4990,0.67,5.5,False,0.15850931403329038,0.6410875001377001,0.5851717109167376,0.924430197076352
CA-22,CA,22,780816,120296,4691,0.6,3.9,False,0.10864866662233158,0.6338614750282636,0.6252258805077907,0.9056244596661568
